{"cameraMode":{"drawMode":0,"name":"Shaded","section":"Shading Mode"},"sceneLighting":true,"audioPlay":false,"sceneViewState":{"showFog":true,"showMaterialUpdate":false,"showSkybox":true,"showFlares":true,"showImageEffects":true,"showParticleSystems":true},"in2DMode":false,"pivot":{"x":1.3923940658569337,"y":-1.3266372680664063,"z":1.6838188171386719},"rotation":{"x":0.2024095356464386,"y":0.041115764528512958,"z":-0.008510156534612179,"w":0.978404700756073},"size":22.299917221069337,"orthographic":true}