{"cameraMode":{"drawMode":0,"name":"Shaded","section":"Shading Mode"},"sceneLighting":true,"audioPlay":false,"sceneViewState":{"showFog":true,"showMaterialUpdate":false,"showSkybox":true,"showFlares":true,"showImageEffects":true,"showParticleSystems":true},"in2DMode":false,"pivot":{"x":2.733509063720703,"y":1.0789597034454346,"z":0.03808772563934326},"rotation":{"x":0.40798044204711916,"y":-0.06837164610624314,"z":0.030655739828944207,"w":0.9099127054214478},"size":34.252498626708987,"orthographic":true}