{"cameraMode":{"drawMode":0,"name":"Shaded","section":"Shading Mode"},"sceneLighting":true,"audioPlay":false,"sceneViewState":{"showFog":true,"showMaterialUpdate":false,"showSkybox":true,"showFlares":true,"showImageEffects":true,"showParticleSystems":true},"in2DMode":false,"pivot":{"x":2.733509063720703,"y":1.0789597034454346,"z":0.03808772563934326},"rotation":{"x":0.1447000801563263,"y":-0.062293119728565219,"z":0.009127761237323285,"w":0.9874725341796875},"size":34.252498626708987,"orthographic":true}